{
  "app_name": "quantum-app",
  "version": "0.0.1",
  "app_description": "Quantum Application for my circuit",
  "author": "Quantum CLI SDK User",
  "license": "MIT",
  "format": "zip",
  "application_type": "circuit",
  "application_source_type": "openqasm",
  "application_source_file": "shors_factoring_15_compatible_mitigated_zne.qasm",
  "input": {
    "format": "json",
    "parameters": {
      "shots": 1024,
      "simulator": "qiskit"
    }
  },
  "expected_output": {
    "format": "json",
    "example": {
      "counts": {
        "00": 512,
        "11": 512
      },
      "execution_time": 0.05
    }
  },
  "quantum_cli_sdk_version": "latest",
  "preferred_hardware": "simulator",
  "compatible_hardware": [
    "simulator",
    "qiskit",
    "cirq",
    "braket"
  ],
  "keywords": [
    "quantum",
    "circuit"
  ],
  "readme": "# shors_factoring_15_compatible_mitigated_zne\n\nQuantum circuit generated by quantum-cli-sdk."
}